"from_iso3","to_iso3","q_initial","net_initial","trade_USD_t","adv","sdt_USD_t","dummy_q_initial","SPAM_code"
"ARG","AUS",0.7306863,0.7306863,417.139179966666,0.224915441219451,54.3079945019573,1,"CORN"
"ARG","BRA",102.4858893,98.9827924,51.7867269748541,0.224915441219451,54.3079945019573,1,"CORN"
"ARG","CAN",0.1404705,0.1404705,309.948246852823,0.224915441219451,54.3079945019573,1,"CORN"
"ARG","CHN",0.0420844,0.0420844,767.842650145601,0.4,131.181378120565,1,"CORN"
"ARG","COL",542.8287259,538.2027709,116.596850627802,0.224915441219451,54.3079945019573,1,"CORN"
"ARG","DEU",13.9796916,13.9796916,388.195447974868,0.360969633657143,118.381235007048,1,"CORN"
"ARG","DNK",3.28485,3.28485,409.260928641294,0.360969633657143,118.381235007048,1,"CORN"
"ARG","ETH",29.984,29.984,377.484144207897,0.171428571428571,56.2205906230991,1,"CORN"
"ARG","FIN",0.103008,0.103008,466.934073478215,0.360969633657143,118.381235007048,1,"CORN"
"ARG","GBR",208.5909061,208.5909061,357.152991740043,0.360969633657143,118.381235007048,1,"CORN"
"ARG","GRC",2.475756,2.475756,400.366152947688,0.360969633657143,118.381235007048,1,"CORN"
"ARG","IDN",638.1032446,638.1032446,539.229151833924,0.05,16.3976722650706,1,"CORN"
"ARG","IND",3.650404,3.650404,572.14227759544,0.371428571428571,121.811279683381,1,"CORN"
"ARG","MEX",4.6692914,4.6692914,226.714868998196,0.0445714285714286,14.6173535620058,1,"CORN"
"ARG","NOR",0.397606,0.397606,426.70087319334,0.617929021642857,202.651951599505,1,"CORN"
"ARG","NPL",5.5220558,5.5220558,614.654285365601,0.1,32.7953445301411,1,"CORN"
"ARG","R_ASP",10535.5030428,10535.5030428,520.800506267882,0.207041284605555,81.4798831272264,1,"CORN"
"ARG","R_CSA",4482.50515415,4476.00266405,111.744683160944,0.0352244897959184,18.6609114260517,1,"CORN"
"ARG","R_NEU",0.4060761,0.4060761,412.829222521354,0.148060715638775,48.5570218075289,1,"CORN"
"ARG","R_NMC",10081.374175,10081.374175,428.890697387267,0.0769504761902857,31.4167254173984,1,"CORN"
"ARG","R_OEU",149.5921818,149.4122466,381.513071176894,0.348852273057143,82.6158635964819,1,"CORN"
"ARG","R_SSA",554.13269705,554.13269705,256.314645923259,0.121053113553297,38.984815109029,1,"CORN"
"ARG","SWE",0.1127771,0.1127771,441.079484033321,0.360969633657143,118.381235007048,1,"CORN"
"ARG","TUR",20.6455432,20.619593,421.654649198843,0.273571428571429,89.7186925360289,1,"CORN"
"ARG","USA",27.3463428,25.4490144,266.184775082646,0.224915441219451,54.3079945019573,1,"CORN"
"AUS","ARG",0,-0.7306863,569.516911017818,0.0771428571428572,20.5598063909774,0,"CORN"
"AUS","BRA",0,-1.5406094,569.516911017818,0.0771428571428572,20.5598063909774,0,"CORN"
"AUS","CAN",0,-0.0223684,455.716872080097,0.202821005355316,52.597915292407,0,"CORN"
"AUS","CHN",0.0080624,-2.2592029,274.828023185231,0.364285714285714,97.0879746240602,1,"CORN"
"AUS","COL",0,-0.0593501,569.516911017818,0.154081632657143,41.0652217608444,0,"CORN"
"AUS","DEU",0.0142942,-0.3779989,617.356965030962,0.240706763385714,64.1522058619699,1,"CORN"
"AUS","IDN",0.8993748,0.8988485,140.190730391096,0.00357142857142857,0.951842888471178,1,"CORN"
"AUS","IND",0,-0.1657407,133.146008124487,0.371428571428571,98.9916604010025,0,"CORN"
"AUS","MEX",0,-1.2555,569.516911017818,0.0557142857142857,14.8487490601504,0,"CORN"
"AUS","R_ASP",48.3264777,41.9206656,173.821281646158,0.139540418664286,47.8153998575609,1,"CORN"
"AUS","R_NEU",0,-0.0161376,271.344387812745,0.129617259508163,34.5450746720712,0,"CORN"
"AUS","R_NMC",3.53384095,3.07517595,447.24498844867,0.0786647619045714,25.9542878277166,1,"CORN"
"AUS","R_OEU",0.0063852,-0.6169957,605.667255674145,0.235270673356349,51.1129607004085,1,"CORN"
"AUS","R_SSA",0,-7.5174654,314.00867931702,0.121053113553297,31.6815617412431,0,"CORN"
"AUS","TUR",0,-0.0348154,271.344387812745,0.273571428571429,72.9111652568922,0,"CORN"
"AUS","USA",0,-16.7806016,455.716872080097,0.202821005355316,52.597915292407,0,"CORN"
"BRA","ARG",3.5030969,-98.9827924,53.564935073323,0.224915441219451,54.3079945019573,1,"CORN"
"BRA","AUS",1.5406094,1.5406094,502.56229709727,0.224915441219451,54.3079945019573,1,"CORN"
"BRA","CAN",0.0845815,0.0845815,273.055016291542,0.224915441219451,54.3079945019573,1,"CORN"
"BRA","CHN",12.4189666,12.4189666,636.917801164243,0.4,54.04,1,"CORN"
"BRA","COL",275.9572584,275.9572584,107.554874083328,0.224915441219451,54.3079945019573,1,"CORN"
"BRA","DEU",0.0142263,-0.3511879,317.315725133563,0.262835501914286,35.50907630862,1,"CORN"
"BRA","ETH",0.666067,0.666067,318.190924927495,0.171428571428571,23.16,1,"CORN"
"BRA","FIN",0.0020976,0.0020976,383.198424251676,0.262835501914286,35.50907630862,1,"CORN"
"BRA","GBR",112.6718178,112.6718178,272.12482031072,0.262835501914286,35.50907630862,1,"CORN"
"BRA","IDN",189.4075998,189.4075998,565.420168375176,0.05,6.755,1,"CORN"
"BRA","IND",3.1203022,3.0979327,494.688490566992,0.371428571428571,50.18,1,"CORN"
"BRA","MEX",15.1644317,15.1644317,227.354693870642,0.0217142857142857,2.9336,1,"CORN"
"BRA","NOR",0.0199079,0.0199079,342.87243656876,0.535898281985714,72.39985789627,1,"CORN"
"BRA","NPL",2.180834,2.180834,533.473174475068,0.1,13.51,1,"CORN"
"BRA","RWA",0.06265,0.06265,270.402343499766,0.278571428571429,37.635,1,"CORN"
"BRA","R_ASP",12462.9839785,12462.9839785,526.003740846992,0.21378803430873,34.6593161221313,1,"CORN"
"BRA","R_CSA",1233.5718727,869.3572142,111.478203828405,0.0352244897959184,7.68733846153846,1,"CORN"
"BRA","R_NEU",10.9999875,10.9999875,307.40990439447,0.130989663765306,17.6967035746929,1,"CORN"
"BRA","R_NMC",10779.5796065,10779.5796065,343.368758409709,0.0769504761902857,12.9420796295939,1,"CORN"
"BRA","R_OEU",1999.0538394,1998.520961,283.73461587164,0.256170037522223,27.40453815431,1,"CORN"
"BRA","R_SSA",139.8553563,139.7549029,198.268922619066,0.121053113553297,16.0597444444873,1,"CORN"
"BRA","TUR",285.071367,285.071367,319.697275348502,0.273571428571429,36.9595,1,"CORN"
"BRA","USA",96.8566273,95.6995698,240.532948857379,0.0009397896,0.12696557496,1,"CORN"
"CAN","ARG",0,-0.1404705,153.774593418838,0.0771428571428572,12.2348571428571,0,"CORN"
"CAN","AUS",0.0223684,0.0223684,588.279358811254,0.222388930243711,30.1811459367992,1,"CORN"
"CAN","BRA",0,-0.0845815,153.774593418838,0.0771428571428572,12.2348571428571,0,"CORN"
"CAN","CHN",0.205123,-0.863204,352.334677254081,0.4,63.44,1,"CORN"
"CAN","COL",0.0010363,-0.0908652,143.156379169401,0.073,11.5778,1,"CORN"
"CAN","DEU",0,-0.0167844,214.645091214405,0.0328772327857143,5.21432911981428,0,"CORN"
"CAN","DNK",0.0038755,0.0038755,195.58571245314,0.0328772327857143,5.21432911981428,1,"CORN"
"CAN","GBR",0.1566687,0.1007849,170.51653383552,0.0328772327857143,5.21432911981428,1,"CORN"
"CAN","IND",0,-0.0817574,453.379166450607,0.371428571428571,58.9085714285714,0,"CORN"
"CAN","MEX",0,-0.03752505,153.774593418838,0.222388930243711,30.1811459367992,0,"CORN"
"CAN","R_ASP",13.8724621,13.65303655,411.641101104451,0.152037773161905,31.0026739159004,1,"CORN"
"CAN","R_CSA",0.0819672,-0.01084855,155.291632690064,0.0644897959183673,12.6346890756302,1,"CORN"
"CAN","R_NEU",0.3346875,0.3346875,214.542468560375,0.129617259508163,20.5572973579947,1,"CORN"
"CAN","R_NMC",0.6703721,0.30389,317.329231180966,0.0739028571428571,14.7107793650794,1,"CORN"
"CAN","R_OEU",196.0037151,179.5640123,202.293417947245,0.0324396087420635,4.58966455990714,1,"CORN"
"CAN","R_SSA",0.4008465,0.2353715,369.507535821782,0.121053113553297,18.8532603175107,1,"CORN"
"CAN","TUR",0,-0.4228303,272.338283509057,0.273571428571429,43.3884285714286,0,"CORN"
"CAN","USA",215.6128764,-1322.3142581,43.0882972157484,0.222388930243711,30.1811459367992,1,"CORN"
"CHN","ARG",0,-0.0420844,569.516911017818,0.0771428571428572,32.3537142857143,0,"CORN"
"CHN","AUS",2.2672653,2.2592029,259.759018133652,0.202821005355316,52.597915292407,1,"CORN"
"CHN","BRA",0,-12.4189666,569.516911017818,0.0771428571428572,32.3537142857143,0,"CORN"
"CHN","CAN",1.068327,0.863204,346.568024410584,0.202821005355316,52.597915292407,1,"CORN"
"CHN","COL",0.1116788,0.1116788,570.177792030456,0.154081632657143,64.6218367364057,1,"CORN"
"CHN","DEU",0.0502512,-0.2988794,257.137232096206,0.262835501914286,110.233209502851,1,"CORN"
"CHN","ETH",0.2513199,0.2513199,265.771070781581,0.171428571428571,71.8971428571429,1,"CORN"
"CHN","GBR",0.0317321,-0.0458315,279.054298140231,0.262835501914286,110.233209502851,1,"CORN"
"CHN","IDN",319.287775,319.287775,119.428568379814,0.00714285714285714,2.99571428571429,1,"CORN"
"CHN","IND",2.5318513,1.2697058,109.372498162776,0.371428571428571,155.777142857143,1,"CORN"
"CHN","MEX",0,-2.1077362,569.516911017818,0.0557142857142857,23.3665714285714,0,"CORN"
"CHN","NPL",0.086224,0.086224,80.9102081342881,0.1,41.94,1,"CORN"
"CHN","RUS",0.3303638,-202.1066982,156.839450044819,0.0565714285714286,23.7260571428571,1,"CORN"
"CHN","R_ASP",360.0068477,163.2734035,120.426953053319,0.174486447007143,118.114436366549,1,"CORN"
"CHN","R_CSA",3.1769376,2.7640461,555.418516869377,0.0655289115646258,32.0632964285714,1,"CORN"
"CHN","R_NEU",0.9985579,0.9985579,240.419955405018,0.0927946385959185,38.9180714271281,1,"CORN"
"CHN","R_NMC",2.18022105,2.18022105,188.260492492148,0.071236190476,36.8483952379843,1,"CORN"
"CHN","R_OEU",0.1841209,-7859.1301428,251.674885505076,0.256170037522223,85.0737476085683,1,"CORN"
"CHN","R_SSA",18.99073,15.9458849,367.020003611347,0.121053113553297,49.855342857276,1,"CORN"
"CHN","TUR",0.4910451,0.4910451,220.160706866334,0.273571428571429,114.735857142857,1,"CORN"
"CHN","USA",0.1594851,-756.5265786,385.743470497893,0.0063237632,2.65218628608,1,"CORN"
"COL","ARG",4.625955,-538.2027709,122.287321929496,0.224915441219451,54.3079945019573,1,"CORN"
"COL","AUS",0.0593501,0.0593501,554.38776253664,0.224915441219451,54.3079945019573,1,"CORN"
"COL","BRA",0,-275.9572584,102.695584332508,0.224915441219451,54.3079945019573,0,"CORN"
"COL","CAN",0.0919015,0.0908652,136.87758505543,0.224915441219451,54.3079945019573,1,"CORN"
"COL","CHN",0,-0.1116788,551.578138281287,0.4,145.96,0,"CORN"
"COL","DEU",0.00380345,0.00380345,310.42146794726,0.204042796428571,74.4552164167857,1,"CORN"
"COL","GBR",0.0049845,0.0049845,277.929442773615,0.204042796428571,74.4552164167857,1,"CORN"
"COL","MEX",0,-0.2992743,102.695584332508,0.224915441219451,54.3079945019573,0,"CORN"
"COL","R_CSA",29.68414455,-4.99140685,48.3793698833975,0.0359795918367347,21.2083087912088,1,"CORN"
"COL","R_OEU",0.9197348,0.245277,308.999451043484,0.200643593452381,63.2918939226786,1,"CORN"
"COL","R_SSA",0,-0.4134488,306.601357824664,0.121053113553297,43.3767634921793,0,"CORN"
"COL","USA",0.9765667,-5157.3955059,111.987419723333,0.224915441219451,54.3079945019573,1,"CORN"
"DEU","ARG",0,-13.9796916,322.633886466213,0.0771428571428572,14.6725714285714,0,"CORN"
"DEU","AUS",0.3922931,0.3779989,597.244066857308,0.163181192772947,41.1779985343477,1,"CORN"
"DEU","BRA",0.3654142,0.3511879,307.181219558332,0.0771428571428572,14.6725714285714,1,"CORN"
"DEU","CAN",0.0167844,0.0167844,200.744452900576,0.163181192772947,41.1779985343477,1,"CORN"
"DEU","CHN",0.3491306,0.2988794,252.200852313252,0.4,76.08,1,"CORN"
"DEU","COL",0,-0.00380345,322.633886466213,0.154081632657143,29.3063265313886,0,"CORN"
"DEU","DNK",4.8266031,-19.36,94.9796693404826,0.163181192772947,41.1779985343477,1,"CORN"
"DEU","FIN",0.2662262,0.2662262,28.8807283818871,0.163181192772947,41.1779985343477,1,"CORN"
"DEU","GBR",21.2508198,20.9600582,156.518811562729,0.163181192772947,41.1779985343477,1,"CORN"
"DEU","GRC",0.113251,0.0965905,39.0240755856736,0.163181192772947,41.1779985343477,1,"CORN"
"DEU","MEX",0.0324012,-0.2188868,318.08985039999,0.0557142857142857,10.5968571428571,1,"CORN"
"DEU","NOR",19.2735681,19.2735681,18.4144953282238,0.486914892628571,92.6112125779543,1,"CORN"
"DEU","RUS",2.0645177,-16.2855974,61.4056911454214,0.0708571428571429,13.4770285714286,1,"CORN"
"DEU","R_ASP",1.28893785,0.51854975,374.181051580789,0.124880365754762,28.5026946798669,1,"CORN"
"DEU","R_CSA",0.0960737,-0.9474231,310.504616571892,0.0587210884353741,13.0302095238095,1,"CORN"
"DEU","R_NEU",18.9433895,13.3417466,25.4255031291007,0.0635212663938775,16.9144428153617,1,"CORN"
"DEU","R_NMC",5.4421102,5.3905363,93.1774507458037,0.0618076190474286,18.5742591836088,1,"CORN"
"DEU","R_OEU",290.3767593,-2769.2080123,18.7784267442762,0.00278095238095238,4.76043428571429,1,"CORN"
"DEU","R_SSA",1.3335742,1.3312998,179.685113472978,0.120778388278571,22.5190761905366,1,"CORN"
"DEU","SWE",3.3050989,3.2975067,190.004852652373,0.163181192772947,41.1779985343477,1,"CORN"
"DEU","TUR",0,-1.445975,50.5214738386901,0.270714285714286,51.4898571428571,0,"CORN"
"DEU","USA",1.6374836,0.65294,231.460587310929,0.00627635152857143,1.19376206073429,1,"CORN"
"DNK","ARG",0,-3.28485,322.633886466213,0.0771428571428572,25.2992657803946,0,"CORN"
"DNK","CAN",0,-0.0038755,219.58181630098,0.163181192772947,41.1779985343477,0,"CORN"
"DNK","DEU",24.1866031,19.36,93.4611930129903,0.163181192772947,41.1779985343477,1,"CORN"
"DNK","FIN",0.15457025,0.15457025,212.809636417514,0.163181192772947,41.1779985343477,1,"CORN"
"DNK","GBR",0,-0.0518886,63.7968286169791,0.163181192772947,41.1779985343477,0,"CORN"
"DNK","MEX",0,-0.0062836,322.633886466213,0.0557142857142857,18.2716919525072,0,"CORN"
"DNK","NOR",0.0686162,0.0213384,104.22351866842,0.486914892628571,159.685416606107,1,"CORN"
"DNK","R_NEU",0.0388107,-1.3247393,31.2418734436015,0.0635212663938775,29.1648254292932,1,"CORN"
"DNK","R_OEU",4.026334,-167.5219469,24.4670300651281,0.00278095238095238,8.20820623097245,1,"CORN"
"DNK","R_SSA",0.25075,0.1287455,199.070133416532,0.120778388278571,38.8286468017426,1,"CORN"
"DNK","SWE",1.4986797,1.4030092,76.8174716712912,0.163181192772947,41.1779985343477,1,"CORN"
"DNK","TUR",0,-0.0274169,50.5214738386901,0.270714285714286,88.7816826923106,0,"CORN"
"DNK","USA",0,-0.0800105,219.58181630098,0.00627635152857143,2.05835110771778,0,"CORN"
"ETH","ARG",0,-29.984,341.93806784312,0.0771428571428572,25.2992657803946,0,"CORN"
"ETH","BRA",0,-0.666067,341.93806784312,0.0771428571428572,25.2992657803946,0,"CORN"
"ETH","CHN",0,-0.2513199,340.564107323453,0.138373653920696,41.1468593361442,0,"CORN"
"ETH","R_NMC",0,-0.8275298,137.684643934983,0.0701447619045714,29.0976260541956,0,"CORN"
"ETH","R_OEU",0,-0.0796924,184.055335140733,0.00793650793650794,23.4252460929579,0,"CORN"
"ETH","R_SSA",0,-0.2227512,59.4226054357479,0.0989835164835165,32.9856746546464,0,"CORN"
"ETH","TUR",0,-0.3399672,162.475237685621,0.273571428571429,89.7186925360289,0,"CORN"
"ETH","USA",0.0052347,-1.5387653,469.631575418244,0.138373653920696,41.1468593361442,1,"CORN"
"FIN","ARG",0,-0.103008,322.633886466213,0.0771428571428572,25.2992657803946,0,"CORN"
"FIN","BRA",0,-0.0020976,322.633886466213,0.0771428571428572,25.2992657803946,0,"CORN"
"FIN","DEU",0,-0.2662262,63.7968286169791,0.163181192772947,41.1779985343477,0,"CORN"
"FIN","DNK",0,-0.15457025,63.7968286169791,0.163181192772947,41.1779985343477,0,"CORN"
"FIN","GBR",0,-0.0127554,63.7968286169791,0.163181192772947,41.1779985343477,0,"CORN"
"FIN","GRC",0.1583775,0.1583775,59.7359946927702,0.163181192772947,41.1779985343477,1,"CORN"
"FIN","NOR",0,-0.0904338,63.7968286169791,0.486914892628571,159.685416606107,0,"CORN"
"FIN","RUS",0,-7.689194,50.5214738386901,0.0708571428571429,23.2378441242143,0,"CORN"
"FIN","R_OEU",0.0626697,-12.6503151,38.6003796732528,0.00278095238095238,8.20820623097245,1,"CORN"
"FIN","R_SSA",0.0080812,-0.012461,230.372345470922,0.120778388278571,38.8286468017426,1,"CORN"
"FIN","SWE",0,-0.2094268,63.7968286169791,0.163181192772947,41.1779985343477,0,"CORN"
"FIN","USA",0,-0.0357295,219.58181630098,0.00627635152857143,2.05835110771778,0,"CORN"
"GBR","ARG",0,-208.5909061,322.633886466213,0.0771428571428572,25.2992657803946,0,"CORN"
"GBR","BRA",0,-112.6718178,322.633886466213,0.0771428571428572,25.2992657803946,0,"CORN"
"GBR","CAN",0.0558838,-0.1007849,172.283409967621,0.163181192772947,41.1779985343477,1,"CORN"
"GBR","CHN",0.0775636,0.0458315,276.571308681425,0.4,131.181378120565,1,"CORN"
"GBR","COL",0,-0.0049845,322.633886466213,0.154081632657143,50.5316022875764,0,"CORN"
"GBR","DEU",0.2907616,-20.9600582,163.382270862458,0.163181192772947,41.1779985343477,1,"CORN"
"GBR","DNK",0.0518886,0.0518886,195.680197596122,0.163181192772947,41.1779985343477,1,"CORN"
"GBR","FIN",0.0127554,0.0127554,41.0212152555925,0.163181192772947,41.1779985343477,1,"CORN"
"GBR","GRC",0.0438555,0.0438555,58.6333704361586,0.163181192772947,41.1779985343477,1,"CORN"
"GBR","IND",0,-0.1329265,350.821917808868,0.371428571428571,121.811279683381,0,"CORN"
"GBR","MEX",0,-0.2689571,322.633886466213,0.0557142857142857,18.2716919525072,0,"CORN"
"GBR","NPL",0,-0.0127791,350.821917808868,0.1,32.7953445301411,0,"CORN"
"GBR","RUS",0.0586562,-32.4659298,82.6419450003612,0.0708571428571429,23.2378441242143,1,"CORN"
"GBR","R_ASP",3.7611686,3.0934183,389.469339558885,0.124880365754762,49.1459354397295,1,"CORN"
"GBR","R_CSA",0,-0.0115139,322.633886466213,0.0587210884353741,22.4674138082681,0,"CORN"
"GBR","R_NEU",0.0135663,-6.0604535,39.8513608511424,0.0635212663938775,29.1648254292932,1,"CORN"
"GBR","R_NMC",1320.0173415,1317.6211445,108.266491870955,0.0618076190474286,32.0267733605987,1,"CORN"
"GBR","R_OEU",11.5269831,-1154.31263355,30.2579769005805,0.00278095238095238,8.20820623097245,1,"CORN"
"GBR","R_SSA",0.1910043,-2.6254256,191.394277470875,0.120778388278571,38.8286468017426,1,"CORN"
"GBR","SWE",0.3074546,0.3074546,25.2798087499031,0.163181192772947,41.1779985343477,1,"CORN"
"GBR","TUR",0,-0.1486696,50.5214738386901,0.270714285714286,88.7816826923106,0,"CORN"
"GBR","USA",0.216679,-17.0134204,208.451317335324,0.00627635152857143,2.05835110771778,1,"CORN"
"GRC","ARG",0,-2.475756,322.633886466213,0.0771428571428572,18.738,0,"CORN"
"GRC","DEU",0.0166605,-0.0965905,39.7792109480017,0.163181192772947,41.1779985343477,1,"CORN"
"GRC","FIN",0,-0.1583775,63.7968286169791,0.163181192772947,41.1779985343477,0,"CORN"
"GRC","GBR",0,-0.0438555,63.7968286169791,0.163181192772947,41.1779985343477,0,"CORN"
"GRC","RUS",0,-15.2398048,50.5214738386901,0.0708571428571429,17.2112,0,"CORN"
"GRC","R_NEU",2.1364815,-60.0419302,28.8324811855442,0.0635212663938775,21.601041849902,1,"CORN"
"GRC","R_NMC",0,-0.1377262,92.1427994459206,0.0618076190474286,23.7207547618221,0,"CORN"
"GRC","R_OEU",9.1943438,-291.86667335,31.0289704651088,0.00278095238095238,6.07944,1,"CORN"
"GRC","TUR",0.0705096,0.000210299999999997,157.405772551713,0.270714285714286,65.7565,1,"CORN"
"GRC","USA",0,-0.1190815,219.58181630098,0.00627635152857143,1.52452578629,0,"CORN"
"IDN","ARG",0,-638.1032446,569.516911017818,0.0771428571428572,25.8582857142857,0,"CORN"
"IDN","AUS",0.0005263,-0.8988485,151.024140182307,0.202821005355316,52.597915292407,1,"CORN"
"IDN","BRA",0,-189.4075998,569.516911017818,0.0771428571428572,25.8582857142857,0,"CORN"
"IDN","CHN",0,-319.287775,133.146008124487,0.3,100.56,0,"CORN"
"IDN","IND",0.124551,-99.3062316,125.387391719076,0.328571428571429,110.137142857143,1,"CORN"
"IDN","R_ASP",78.5277186,71.3842493,117.915153461914,0.11742883514127,70.8518619708365,1,"CORN"
"IDN","R_OEU",0,-20.2669298,319.664161222784,0.256170037522223,67.9940872636915,0,"CORN"
"IDN","R_SSA",0.3383196,0.000323600000000035,353.097251138726,0.121053113553297,39.8462349207413,1,"CORN"
"IDN","TUR",0,-8.8267638,271.344387812745,0.270714285714286,90.7434285714286,0,"CORN"
"IDN","USA",0,-30.0829039,455.716872080097,0.202821005355316,52.597915292407,0,"CORN"
"IND","ARG",0,-3.650404,569.516911017818,0.0765714285714286,25.1118638116509,0,"CORN"
"IND","AUS",0.1657407,0.1657407,315.976947031443,0.202821005355316,52.597915292407,1,"CORN"
"IND","BRA",0.0223695,-3.0979327,519.729310649103,0.0765714285714286,25.1118638116509,1,"CORN"
"IND","CAN",0.0817574,0.0817574,426.669334064249,0.202821005355316,52.597915292407,1,"CORN"
"IND","CHN",1.2621455,-1.2697058,110.136504670766,0.4,131.181378120565,1,"CORN"
"IND","GBR",0.1329265,0.1329265,226.714474833359,0.278159128728571,91.2232446085738,1,"CORN"
"IND","IDN",99.4307826,99.3062316,117.282207572634,0.0357142857142857,11.712623046479,1,"CORN"
"IND","NOR",0.0038021,0.0038021,209.285847049873,0.5109172315,167.557066334284,1,"CORN"
"IND","NPL",470.9814199,467.7427268,20.1195169790576,0.0814285714285714,26.7047805459721,1,"CORN"
"IND","RUS",0.0198375,0.0198375,129.583919257603,0.0565714285714286,18.5527949056227,1,"CORN"
"IND","RWA",0.0451145,0.0451145,170.77779929675,0.278571428571429,91.358459762536,1,"CORN"
"IND","R_ASP",369.73987795,204.28552385,167.345176117822,0.15444520627381,75.9762562616745,1,"CORN"
"IND","R_CSA",0.0589244,0.0589244,575.426243479998,0.0699455782312925,24.0858380327794,1,"CORN"
"IND","R_NEU",0,-7.1229238,271.344387812745,0.133557090816327,43.8005080776477,0,"CORN"
"IND","R_NMC",49.091442,48.7465583,89.0491222320592,0.0695219047617143,28.0330787595267,1,"CORN"
"IND","R_OEU",0.2458312,-3.8215997,182.987031869043,0.270642351735714,69.0368683972448,1,"CORN"
"IND","R_SSA",18.986414,7.9779179,223.07087572858,0.121053113553297,38.984815109029,1,"CORN"
"IND","TUR",0.0304583,0.0304583,131.86029231359,0.273571428571429,89.7186925360289,1,"CORN"
"IND","USA",0.2184283,-1.9261681,470.783590357255,0.202821005355316,52.597915292407,1,"CORN"
"MEX","ARG",0,-4.6692914,102.695584332508,0.0414857142857143,8.08971428571428,0,"CORN"
"MEX","AUS",1.2555,1.2555,475.897414675975,0.224915441219451,54.3079945019573,1,"CORN"
"MEX","BRA",0,-15.1644317,102.695584332508,0.0388571428571429,7.57714285714286,0,"CORN"
"MEX","CAN",0.03752505,0.03752505,88.6916897487991,0.224915441219451,54.3079945019573,1,"CORN"
"MEX","CHN",2.1077362,2.1077362,428.651037139359,0.4,78,1,"CORN"
"MEX","COL",0.2992743,0.2992743,85.3983114466677,0.0530612244857143,10.3469387747143,1,"CORN"
"MEX","DEU",0.251288,0.2188868,311.640365712929,0.360969633657143,70.3890785631429,1,"CORN"
"MEX","DNK",0.0062836,0.0062836,316.461562821355,0.360969633657143,70.3890785631429,1,"CORN"
"MEX","GBR",0.2689571,0.2689571,281.050016249699,0.360969633657143,70.3890785631429,1,"CORN"
"MEX","R_ASP",0.2746465,0.0753075,461.897434957772,0.193700128638095,48.5633893942653,1,"CORN"
"MEX","R_CSA",877.33504975,877.21066255,95.469632400561,0.0528278911564626,13.5206383928571,1,"CORN"
"MEX","R_NEU",0.0939119,0.0939119,336.93608665193,0.148400860244898,28.9381677477551,1,"CORN"
"MEX","R_NMC",0.0823587,0.0823587,454.025655551465,0.0768742857142857,18.0440977443609,1,"CORN"
"MEX","R_OEU",3.5582165,2.9132436,324.465283398043,0.348852273057143,49.1231107101429,1,"CORN"
"MEX","R_SSA",131.6434863,131.6434863,418.21774061714,0.121053113553297,23.1802380953,1,"CORN"
"MEX","TUR",0,-0.1574938,362.317307407593,0.273571428571429,53.3464285714286,0,"CORN"
"MEX","USA",217.149203,-13921.3436019,53.4808570423888,0.224915441219451,54.3079945019573,1,"CORN"
"NOR","ARG",0,-0.397606,322.633886466213,0.0771428571428572,25.2992657803946,0,"CORN"
"NOR","BRA",0,-0.0199079,322.633886466213,0.0771428571428572,25.2992657803946,0,"CORN"
"NOR","DEU",0,-19.2735681,63.7968286169791,0.188103190928571,61.6890895372142,0,"CORN"
"NOR","DNK",0.0472778,-0.0213384,104.612462513196,0.188103190928571,61.6890895372142,1,"CORN"
"NOR","FIN",0.0904338,0.0904338,184.316671461324,0.188103190928571,61.6890895372142,1,"CORN"
"NOR","IND",0,-0.0038021,350.821917808868,0.371428571428571,121.811279683381,0,"CORN"
"NOR","RUS",0,-0.9109035,50.5214738386901,0.0708571428571429,23.2378441242143,0,"CORN"
"NOR","R_ASP",0,-0.0572095,350.821917808868,0.206719806554762,81.3533673260105,0,"CORN"
"NOR","R_NEU",0,-14.3033,50.5214738386901,0.120710213704082,39.5873304673232,0,"CORN"
"NOR","R_NMC",0,-0.0254216,92.1427994459206,0.0735219047617143,33.4025636542628,0,"CORN"
"NOR","R_OEU",0,-61.9562846,63.7968286169791,0.177653013654761,30.8445447686071,0,"CORN"
"NOR","R_SSA",0,-0.0016283,174.579354453364,0.121053113553297,38.984815109029,0,"CORN"
"NOR","SWE",0.0251585,-0.3454986,91.9821222487299,0.188103190928571,61.6890895372142,1,"CORN"
"NOR","TUR",0,-1.212386,50.5214738386901,0.270714285714286,88.7816826923106,0,"CORN"
"NOR","USA",0,-0.4057177,219.58181630098,0.00627635152857143,2.05835110771778,0,"CORN"
"NPL","ARG",0,-5.5220558,569.516911017818,0.0771428571428572,20.9905714285714,0,"CORN"
"NPL","BRA",0,-2.180834,569.516911017818,0.0771428571428572,20.9905714285714,0,"CORN"
"NPL","CHN",0,-0.086224,133.146008124487,0.202821005355316,52.597915292407,0,"CORN"
"NPL","GBR",0.0127791,0.0127791,233.581127483806,0.202821005355316,52.597915292407,1,"CORN"
"NPL","IND",3.2386931,-467.7427268,21.1467626069402,0.202821005355316,52.597915292407,1,"CORN"
"NPL","R_ASP",0,-16.6700518,133.146008124487,0.180578226446032,63.1740026776696,0,"CORN"
"NPL","R_NMC",0,-0.98199,234.863036459889,0.0679504761902857,22.597257142789,0,"CORN"
"NPL","R_OEU",0,-6.998327,319.664161222784,0.00793650793650794,19.4357142857143,0,"CORN"
"NPL","R_SSA",0,-0.2203448,314.00867931702,0.121053113553297,32.345347619134,0,"CORN"
"NPL","USA",0.0068763,-0.2598297,463.104133513277,0.202821005355316,52.597915292407,1,"CORN"
"RUS","CHN",202.437062,202.1066982,147.08975833395,0.4,60.36,1,"CORN"
"RUS","DEU",18.3501151,16.2855974,60.0786855237685,0.360969633657143,54.4703177188629,1,"CORN"
"RUS","FIN",7.689194,7.689194,32.8952970775664,0.360969633657143,54.4703177188629,1,"CORN"
"RUS","GBR",32.524586,32.4659298,77.582103642207,0.360969633657143,54.4703177188629,1,"CORN"
"RUS","GRC",15.2398048,15.2398048,65.7534945206012,0.360969633657143,54.4703177188629,1,"CORN"
"RUS","IND",0,-0.0198375,283.519139266581,0.371428571428571,56.0485714285714,0,"CORN"
"RUS","NOR",0.9109035,0.9109035,54.8999422112697,0.639965271171429,96.5707594197686,1,"CORN"
"RUS","R_ASP",801.2848306,801.2848306,261.97649255788,0.203410916055555,36.83364867934,1,"CORN"
"RUS","R_CSA",0,-0.330015,369.037148162648,0.07,11.09115,0,"CORN"
"RUS","R_NEU",3.3219204,1.1101272,59.8704397387845,0.125013105142857,22.0085571604,1,"CORN"
"RUS","R_NMC",504.91126335,504.55311045,73.1579888783194,0.0503904761902857,13.379247252692,1,"CORN"
"RUS","R_OEU",143.1536859,96.9456041,59.3796011570243,0.348852273057143,38.0137302880029,1,"CORN"
"RUS","R_SSA",0,-0.797834,153.128587319878,0.121053113553297,17.937938095286,0,"CORN"
"RUS","SWE",2.805637,2.805637,45.0697747801526,0.360969633657143,54.4703177188629,1,"CORN"
"RUS","TUR",562.4895325,562.4065236,51.7243317386574,0.273571428571429,41.2819285714286,1,"CORN"
"RUS","USA",0.0548878,-0.488583,293.021236905811,0.00869620157142857,1.31225681712857,1,"CORN"
"RWA","BRA",0,-0.06265,341.93806784312,0.0771428571428572,27.6017142857143,0,"CORN"
"RWA","IND",0,-0.0451145,340.564107323453,0.114285714285714,40.8914285714286,0,"CORN"
"RWA","R_NMC",0,-0.1001918,137.684643934983,0.0693219047617143,33.1801871147457,0,"CORN"
"RWA","R_OEU",0,-6.8291387,184.055335140733,0.00793650793650794,25.5571428571428,0,"CORN"
"RWA","R_SSA",12.6938242,9.7123787,71.5959803140654,0.0666758241758242,30.583380952381,1,"CORN"
"R_ASP","ARG",0,-10535.5030428,569.516911017818,0.0771428571428572,25.7065242725053,0,"CORN"
"R_ASP","AUS",6.4058121,-41.9206656,177.369548675868,0.202821005355316,52.597915292407,1,"CORN"
"R_ASP","BRA",0,-12462.9839785,569.516911017818,0.0771428571428572,25.7065242725053,0,"CORN"
"R_ASP","CAN",0.21942555,-13.65303655,429.069253528829,0.202821005355316,52.597915292407,1,"CORN"
"R_ASP","CHN",196.7334442,-163.2734035,121.156865450456,0.337696428571429,129.740827668269,1,"CORN"
"R_ASP","DEU",0.7703881,-0.51854975,376.11184693427,0.127793477058333,72.009226159969,1,"CORN"
"R_ASP","GBR",0.6677503,-3.0934183,396.260116778351,0.127793477058333,72.009226159969,1,"CORN"
"R_ASP","IDN",7.1434693,-71.3842493,120.776029629144,0.027122619047619,11.5477642857143,1,"CORN"
"R_ASP","IND",165.4543541,-204.28552385,168.696243668905,0.280684523809524,96.7353155105472,1,"CORN"
"R_ASP","MEX",0.199339,-0.0753075,463.380086907598,0.0551190476190476,17.7826363936366,1,"CORN"
"R_ASP","NOR",0.0572095,0.0572095,366.028582037948,0.406541467403571,152.292742490842,1,"CORN"
"R_ASP","NPL",16.6700518,16.6700518,152.354961167795,0.0976785714285714,31.0028610077075,1,"CORN"
"R_ASP","RUS",0,-801.2848306,271.344387812745,0.0448452380952381,15.8181203046435,0,"CORN"
"R_ASP","R_CSA",3.3023,-165.418031,537.463080314436,0.0684331065759637,25.6148682432796,1,"CORN"
"R_ASP","R_NEU",0.0106403,-621.0569297,379.080881724048,0.117165420597109,43.0693221002699,1,"CORN"
"R_ASP","R_NMC",988.7027313,928.5490245,272.04595098502,0.073013571428381,31.9520002578791,1,"CORN"
"R_ASP","R_OEU",1.0429685,-2226.95297395,369.94752029215,0.128630347380489,60.5247312982017,1,"CORN"
"R_ASP","R_SSA",1.3200557,-506.2067996,420.018811349725,0.121236263736447,42.4675690343116,1,"CORN"
"R_ASP","TUR",0.219955,-7.8024532,337.756288142313,0.269726190476191,85.5753900260177,1,"CORN"
"R_ASP","USA",3.1684906,-13413.4308475,431.263141249298,0.00447540639761905,3.06108258277325,1,"CORN"
"R_CSA","ARG",6.5024901,-4476.00266405,119.29199034128,0.0506337662337663,50.1099228892662,1,"CORN"
"R_CSA","BRA",364.2146585,-869.3572142,112.846484216846,0.0506337662337663,50.1099228892662,1,"CORN"
"R_CSA","CAN",0.09281575,0.01084855,155.098729484454,0.224915441219451,54.3079945019573,1,"CORN"
"R_CSA","CHN",0.4128915,-2.7640461,566.868203452666,0.473051948051948,276.802535656194,1,"CORN"
"R_CSA","COL",34.6755514,4.99140685,48.3042373685454,0.094290352507143,92.8884254045789,1,"CORN"
"R_CSA","DEU",1.0434968,0.9474231,303.186040029155,0.154020586251299,66.8359841297069,1,"CORN"
"R_CSA","GBR",0.0115139,0.0115139,287.670393750022,0.154020586251299,66.8359841297069,1,"CORN"
"R_CSA","IND",0,-0.0589244,551.578138281287,0.359740259740259,217.942729902326,0,"CORN"
"R_CSA","MEX",0.1243872,-877.21066255,104.315571619128,0.031451948051948,28.4799653798263,1,"CORN"
"R_CSA","RUS",0.330015,0.330015,400.310338395189,0.0546233766233767,33.1064245763323,1,"CORN"
"R_CSA","R_ASP",168.720331,165.418031,516.731726989667,0.206339847989069,164.576334994113,1,"CORN"
"R_CSA","R_NEU",0.032707,0.032707,333.103100900433,0.132344282230148,80.7969117853605,1,"CORN"
"R_CSA","R_NMC",200.376769,200.3121032,400.263051327056,0.0766452813850909,62.0207138304497,1,"CORN"
"R_CSA","R_OEU",38.6392905,27.6661398,305.454956802164,0.153400394951623,77.5772818206701,1,"CORN"
"R_CSA","R_SSA",23.4565791,23.4212516,310.606707372983,0.121053113553297,78.8166416506395,1,"CORN"
"R_CSA","TUR",0.0041922,-18.4588506,395.112265527494,0.273571428571429,170.712355540023,1,"CORN"
"R_CSA","USA",16.85173585,-5953.43927375,125.97941698199,0.0027132779012987,4.69923328771856,1,"CORN"
"R_NEU","ARG",0,-0.4060761,369.037148162648,0.0771428571428572,18.9218571428571,0,"CORN"
"R_NEU","AUS",0.0161376,0.0161376,589.331218410589,0.206950861791209,40.039175529802,1,"CORN"
"R_NEU","BRA",0,-10.9999875,369.037148162648,0.0771428571428572,18.9218571428571,0,"CORN"
"R_NEU","CAN",0,-0.3346875,271.759958990611,0.206950861791209,40.039175529802,0,"CORN"
"R_NEU","CHN",0,-0.9985579,283.519139266581,0.391428571428571,94.1989591836735,0,"CORN"
"R_NEU","DEU",5.6016429,-13.3417466,25.7371810927096,0.0859537710061224,61.3432751053761,1,"CORN"
"R_NEU","DNK",1.36355,1.3247393,30.1494832480285,0.0859537710061224,61.3432751053761,1,"CORN"
"R_NEU","GBR",6.0740198,6.0604535,37.4915128457908,0.0859537710061224,61.3432751053761,1,"CORN"
"R_NEU","GRC",62.1784117,60.0419302,27.8767799593531,0.0859537710061224,61.3432751053761,1,"CORN"
"R_NEU","IND",7.1229238,7.1229238,173.268931771674,0.371428571428571,91.1052380952379,1,"CORN"
"R_NEU","MEX",0,-0.0939119,369.037148162648,0.0557142857142857,13.6657857142857,0,"CORN"
"R_NEU","NOR",14.3033,14.3033,38.1211848293064,0.533565276428571,129.151780208967,1,"CORN"
"R_NEU","RUS",2.2117932,-1.1101272,60.1144523535875,0.0444897959183674,12.7204380952381,1,"CORN"
"R_NEU","R_ASP",621.06757,621.0569297,339.680043868955,0.210043423132539,68.6591158526319,1,"CORN"
"R_NEU","R_CSA",0,-0.032707,369.037148162648,0.0705325558794946,18.6462819875776,0,"CORN"
"R_NEU","R_NMC",1973.7993328,1973.7993328,77.716977184378,0.0676476190474286,24.3490154761143,1,"CORN"
"R_NEU","R_OEU",3698.186506,3495.8494648,27.3762016385075,0.08457992205,46.7049708860214,1,"CORN"
"R_NEU","R_SSA",30.048951,29.747651,169.375694764774,0.12136708529584,31.030166106525,1,"CORN"
"R_NEU","SWE",0.03845735,0.02880275,35.396516782898,0.0859537710061224,61.3432751053761,1,"CORN"
"R_NEU","TUR",18.8528765,18.1149197,35.7136196395459,0.233673469387755,58.9063979591837,1,"CORN"
"R_NEU","USA",0.0497893,-0.4245178,260.797085206802,0.00303555780408163,1.48547632287679,1,"CORN"
"R_NMC","ARG",0,-10081.374175,427.459452146488,0.0743877551020409,21.0918857142857,0,"CORN"
"R_NMC","AUS",0.458665,-3.07517595,456.470795221379,0.202113441543631,57.2643780609427,1,"CORN"
"R_NMC","BRA",0,-10779.5796065,427.459452146488,0.0743877551020409,21.0918857142857,0,"CORN"
"R_NMC","CAN",0.3664821,-0.30389,319.251337407134,0.202113441543631,57.2643780609427,1,"CORN"
"R_NMC","CHN",0,-2.18022105,235.465843158703,0.371071428571429,133.666076190476,0,"CORN"
"R_NMC","DEU",0.0515739,-5.3905363,97.6212125998729,0.189097789215306,69.4400599582377,1,"CORN"
"R_NMC","ETH",0.8275298,0.8275298,82.4883728755952,0.170204081632653,60.5116071428572,1,"CORN"
"R_NMC","GBR",2.396197,-1317.6211445,115.319998198373,0.189097789215306,69.4400599582377,1,"CORN"
"R_NMC","GRC",0.1377262,0.1377262,60.7685004553101,0.189097789215306,69.4400599582377,1,"CORN"
"R_NMC","IND",0.3448837,-48.7465583,93.5756762032785,0.343469387755102,117.092285714286,1,"CORN"
"R_NMC","MEX",0,-0.0823587,427.459452146488,0.0557142857142857,20.1659714285714,0,"CORN"
"R_NMC","NOR",0.0254216,0.0254216,113.540131030904,0.496586647670918,162.740539160885,1,"CORN"
"R_NMC","NPL",0.98199,0.98199,102.842876649267,0.0986734693877551,35.0864821428571,1,"CORN"
"R_NMC","RUS",0.3581529,-504.55311045,78.6598743905589,0.0378571428571429,20.3502857142857,1,"CORN"
"R_NMC","RWA",0.1001918,0.1001918,128.991179653226,0.258673469387756,94.2648571428571,1,"CORN"
"R_NMC","R_ASP",60.1537068,-928.5490245,279.769455259341,0.208289517141411,96.6978620932613,1,"CORN"
"R_NMC","R_CSA",0.0646658,-200.3121032,433.767718788628,0.0703449951409135,27.5446,1,"CORN"
"R_NMC","R_NEU",0,-1973.7993328,68.7746848370146,0.118815240751093,48.2625723031761,0,"CORN"
"R_NMC","R_OEU",1.8361503,-11082.9929402,84.2848359025897,0.184261290721485,65.2483862396426,1,"CORN"
"R_NMC","R_SSA",32.844467,-157.4843152,160.038223622845,0.114839743589914,45.3560957120369,1,"CORN"
"R_NMC","SWE",0.0725204,0.0653929,101.113095533546,0.189097789215306,69.4400599582377,1,"CORN"
"R_NMC","TUR",2.978623,-1514.0316434,47.8559124552901,0.273367346938776,98.9188523809523,1,"CORN"
"R_NMC","USA",0.0837162,-1812.76887045,369.861534586173,0.00205256615714286,1.76830929023786,1,"CORN"
"R_OEU","ARG",0.1799352,-149.4122466,408.04433213226,0.0771428571428572,13.4952527472528,1,"CORN"
"R_OEU","AUS",0.6233809,0.6169957,578.54652365729,0.163181192772947,41.1779985343477,1,"CORN"
"R_OEU","BRA",0.5328784,-1998.520961,308.073460619783,0.0771428571428572,13.4952527472528,1,"CORN"
"R_OEU","CAN",16.4397028,-179.5640123,207.369774642096,0.163181192772947,41.1779985343477,1,"CORN"
"R_OEU","CHN",7859.3142637,7859.1301428,226.223161447493,0.4,69.9753846153846,1,"CORN"
"R_OEU","COL",0.6744578,-0.245277,309.959381949682,0.154081632657143,26.9548037683749,1,"CORN"
"R_OEU","DEU",3059.5847716,2769.2080123,18.3413878868642,0.0138334474691729,22.7615544657771,1,"CORN"
"R_OEU","DNK",171.5482809,167.5219469,23.5660323571751,0.0138334474691729,22.7615544657771,1,"CORN"
"R_OEU","ETH",0.0796924,0.0796924,137.14497380745,0.171428571428571,29.9894505494506,1,"CORN"
"R_OEU","FIN",12.7129848,12.6503151,36.6032535683893,0.0138334474691729,22.7615544657771,1,"CORN"
"R_OEU","GBR",1165.83961665,1154.31263355,28.892868133259,0.0138334474691729,22.7615544657771,1,"CORN"
"R_OEU","GRC",301.06101715,291.86667335,29.9651204781706,0.0138334474691729,22.7615544657771,1,"CORN"
"R_OEU","IDN",20.2669298,20.2669298,346.741191782012,0.05,8.74692307692308,1,"CORN"
"R_OEU","IND",4.0674309,3.8215997,177.923572171397,0.371428571428571,64.9771428571429,1,"CORN"
"R_OEU","MEX",0.6449729,-2.9132436,330.054109652324,0.0557142857142857,9.74657142857142,1,"CORN"
"R_OEU","NOR",61.9562846,61.9562846,33.9641851537647,0.490252246809022,85.904148096871,1,"CORN"
"R_OEU","NPL",6.998327,6.998327,182.049754134304,0.1,17.4938461538462,1,"CORN"
"R_OEU","RUS",46.2080818,-96.9456041,60.0548535701415,0.0671278195488722,11.5102367346939,1,"CORN"
"R_OEU","RWA",6.8291387,6.8291387,161.585296420123,0.278571428571429,48.7328571428571,1,"CORN"
"R_OEU","R_ASP",2227.99594245,2226.95297395,342.644440842421,0.129567495813534,29.9612223179316,1,"CORN"
"R_OEU","R_CSA",10.9731507,-27.6661398,309.324385652389,0.0593147153598281,12.6489694581281,1,"CORN"
"R_OEU","R_NEU",202.3370412,-3495.8494648,28.1833312842582,0.0657914969787325,19.6643061252951,1,"CORN"
"R_OEU","R_NMC",11084.8290905,11082.9929402,77.2576046232851,0.0612067167917895,18.2511445538513,1,"CORN"
"R_OEU","R_SSA",113.1616568,65.25764515,161.182819391279,0.120792847503557,21.9916911267831,1,"CORN"
"R_OEU","SWE",48.1801888,43.4201309,29.0435786630257,0.0138334474691729,22.7615544657771,1,"CORN"
"R_OEU","TUR",682.9193835,647.2131109,37.0281262254908,0.270864661654136,47.3600714285714,1,"CORN"
"R_OEU","USA",46.32468215,37.8378485,243.926111003682,0.00594601723759399,1.01954847473408,1,"CORN"
"R_SSA","ARG",0,-554.13269705,341.93806784312,0.0771428571428572,22.3108115890439,0,"CORN"
"R_SSA","AUS",7.5174654,7.5174654,472.326770397467,0.138373653920696,41.1468593361442,1,"CORN"
"R_SSA","BRA",0.1004534,-139.7549029,213.153168792425,0.0771428571428572,22.3108115890439,1,"CORN"
"R_SSA","CAN",0.165475,-0.2353715,372.791290138651,0.138373653920696,41.1468593361442,1,"CORN"
"R_SSA","CHN",3.0448451,-15.9458849,373.800174436998,0.141176470588235,114.827153413877,1,"CORN"
"R_SSA","COL",0.4134488,0.4134488,326.972140375089,0.154081632657143,44.5625998681861,1,"CORN"
"R_SSA","DEU",0.0022744,-1.3312998,191.510948075015,0.0418072094621849,76.1644091558326,1,"CORN"
"R_SSA","DNK",0.1220045,-0.1287455,200.509409704546,0.0418072094621849,76.1644091558326,1,"CORN"
"R_SSA","ETH",0.2227512,0.2227512,98.8360639663771,0.16235294117647,45.8208544025703,1,"CORN"
"R_SSA","FIN",0.0205422,0.012461,228.233104108891,0.0418072094621849,76.1644091558326,1,"CORN"
"R_SSA","GBR",2.8164299,2.6254256,186.31266943597,0.0418072094621849,76.1644091558326,1,"CORN"
"R_SSA","IDN",0.337996,-0.000323600000000035,353.100629001838,0.05,14.460711215121,1,"CORN"
"R_SSA","IND",11.0084961,-7.9779179,224.290057236923,0.227731092436974,64.8251041812279,1,"CORN"
"R_SSA","MEX",0,-131.6434863,341.93806784312,0.0557142857142857,16.1133639254206,0,"CORN"
"R_SSA","NOR",0.0016283,0.0016283,228.519866468485,0.236571066943277,134.338768299992,1,"CORN"
"R_SSA","NPL",0.2203448,0.2203448,265.411333421137,0.1,28.9214224302421,1,"CORN"
"R_SSA","RUS",0.797834,0.797834,227.707752598388,0.0275798319327731,9.26583586040171,1,"CORN"
"R_SSA","RWA",2.9814455,-9.7123787,72.640746063819,0.196638655462185,77.6739393963858,1,"CORN"
"R_SSA","R_ASP",507.5268553,506.2067996,395.749226616328,0.193520566163585,79.4699724477116,1,"CORN"
"R_SSA","R_CSA",0.0353275,-23.4212516,331.4609338863,0.0681272509003601,22.6270255416162,1,"CORN"
"R_SSA","R_NEU",0.3013,-29.747651,177.353348216278,0.102962656292917,35.4561652878129,1,"CORN"
"R_SSA","R_NMC",190.3287822,157.4843152,157.250958040982,0.0712087955180168,27.5968134533124,1,"CORN"
"R_SSA","R_OEU",47.90401165,-65.25764515,162.57434840137,0.0474210946507937,51.2729152998727,1,"CORN"
"R_SSA","TUR",2.6844887,-78.7481977,150.847742888988,0.273487394957984,79.0739294579718,1,"CORN"
"R_SSA","USA",0.8464255,-51.2738106,393.734490356375,0.000136810101260504,0.643846048355135,1,"CORN"
"SWE","ARG",0,-0.1127771,322.633886466213,0.0771428571428572,25.2992657803946,0,"CORN"
"SWE","DEU",0.0075922,-3.2975067,201.907690418196,0.163181192772947,41.1779985343477,1,"CORN"
"SWE","DNK",0.0956705,-1.4030092,78.9603958203836,0.163181192772947,41.1779985343477,1,"CORN"
"SWE","FIN",0.2094268,0.2094268,113.707373311391,0.163181192772947,41.1779985343477,1,"CORN"
"SWE","GBR",0,-0.3074546,63.7968286169791,0.163181192772947,41.1779985343477,0,"CORN"
"SWE","NOR",0.3706571,0.3454986,89.540690863887,0.486914892628571,159.685416606107,1,"CORN"
"SWE","RUS",0,-2.805637,50.5214738386901,0.0708571428571429,23.2378441242143,0,"CORN"
"SWE","R_NEU",0.0096546,-0.02880275,35.8891339010865,0.0635212663938775,29.1648254292932,1,"CORN"
"SWE","R_NMC",0.0071275,-0.0653929,103.486247911175,0.0618076190474286,32.0267733605987,1,"CORN"
"SWE","R_OEU",4.7600579,-43.4201309,29.7236866858006,0.00278095238095238,8.20820623097245,1,"CORN"
"SWE","TUR",0,-0.0480092,50.5214738386901,0.270714285714286,88.7816826923106,0,"CORN"
"SWE","USA",0,-0.690418,219.58181630098,0.00627635152857143,2.05835110771778,0,"CORN"
"TUR","ARG",0.0259502,-20.619593,450.77907629942,0.0771428571428572,13.3148571428571,1,"CORN"
"TUR","AUS",0.0348154,0.0348154,528.26221757381,0.206950861791209,40.039175529802,1,"CORN"
"TUR","BRA",0,-285.071367,369.037148162648,0.0771428571428572,13.3148571428571,0,"CORN"
"TUR","CAN",0.4228303,0.4228303,275.404361970139,0.206950861791209,40.039175529802,1,"CORN"
"TUR","CHN",0,-0.4910451,283.519139266581,0.4,69.04,0,"CORN"
"TUR","DEU",1.445975,1.445975,47.7416352922545,0.262835501914286,45.3654076304057,1,"CORN"
"TUR","DNK",0.0274169,0.0274169,55.4673698226472,0.262835501914286,45.3654076304057,1,"CORN"
"TUR","ETH",0.3399672,0.3399672,87.0347504315957,0.171428571428571,29.5885714285714,1,"CORN"
"TUR","GBR",0.1486696,0.1486696,70.9501060136188,0.262835501914286,45.3654076304057,1,"CORN"
"TUR","GRC",0.0702993,-0.000210299999999997,157.410474378512,0.262835501914286,45.3654076304057,1,"CORN"
"TUR","IDN",8.8267638,8.8267638,290.311698767693,0.05,8.63,1,"CORN"
"TUR","IND",0,-0.0304583,283.519139266581,0.371428571428571,64.1085714285714,0,"CORN"
"TUR","MEX",0.1574938,0.1574938,404.582729199507,0.0557142857142857,9.61628571428571,1,"CORN"
"TUR","NOR",1.212386,1.212386,66.4403095531847,0.558210689857143,96.3471650693429,1,"CORN"
"TUR","RUS",0.0830089,-562.4065236,56.4943200931686,0.0565714285714286,9.76422857142857,1,"CORN"
"TUR","R_ASP",8.0224082,7.8024532,325.824500802958,0.198697741633333,41.154276247096,1,"CORN"
"TUR","R_CSA",18.4630428,18.4588506,363.313805683006,0.07,12.6861,1,"CORN"
"TUR","R_NEU",0.7379568,-18.1149197,36.8898917026648,0.112902514726531,19.4869740417992,1,"CORN"
"TUR","R_NMC",1517.0102664,1514.0316434,44.9640974467142,0.0690647619045714,15.5054750699797,1,"CORN"
"TUR","R_OEU",35.7062726,-647.2131109,38.1371267981863,0.256170037522223,35.0112752437743,1,"CORN"
"TUR","R_SSA",81.4326864,78.7481977,145.787218402427,0.121053113553297,20.5174825397373,1,"CORN"
"TUR","SWE",0.0480092,0.0480092,57.7325617396853,0.262835501914286,45.3654076304057,1,"CORN"
"TUR","USA",167.6528663,162.6131437,300.978207925939,0.0063237632,1.09148152832,1,"CORN"
"USA","ARG",1.8973284,-25.4490144,273.382543039775,0.0771428571428572,13.0371428571429,1,"CORN"
"USA","AUS",16.7806016,16.7806016,524.17703793837,0.222388930243711,30.1811459367992,1,"CORN"
"USA","BRA",1.1570575,-95.6995698,251.421445889568,0.0771428571428572,13.0371428571429,1,"CORN"
"USA","CAN",1537.9271345,1322.3142581,42.2500007607711,0.222388930243711,30.1811459367992,1,"CORN"
"USA","CHN",756.6860637,756.5265786,354.435021147412,0.4,67.6,1,"CORN"
"USA","COL",5158.3720726,5157.3955059,102.787695845659,0.0384489795857143,6.49787754998571,1,"CORN"
"USA","DEU",0.9845436,-0.65294,232.641115087318,0.240706763385714,40.6794430121857,1,"CORN"
"USA","DNK",0.0800105,0.0800105,231.261931005668,0.240706763385714,40.6794430121857,1,"CORN"
"USA","ETH",1.544,1.5387653,443.669663000514,0.171428571428571,28.9714285714286,1,"CORN"
"USA","FIN",0.0357295,0.0357295,243.372312247725,0.240706763385714,40.6794430121857,1,"CORN"
"USA","GBR",17.2300994,17.0134204,199.526237930087,0.240706763385714,40.6794430121857,1,"CORN"
"USA","GRC",0.1190815,0.1190815,307.456892610849,0.240706763385714,40.6794430121857,1,"CORN"
"USA","IDN",30.0829039,30.0829039,553.886635153068,0.05,8.45,1,"CORN"
"USA","IND",2.1445964,1.9261681,460.151614337161,0.371428571428571,62.7714285714286,1,"CORN"
"USA","MEX",14138.4928049,13921.3436019,51.2934498628007,0.222388930243711,30.1811459367992,1,"CORN"
"USA","NOR",0.4057177,0.4057177,213.93167128586,0.486914892628571,82.2886168542286,1,"CORN"
"USA","NPL",0.266706,0.2598297,446.469584010089,0.1,16.9,1,"CORN"
"USA","RUS",0.5434708,0.488583,286.379610029492,0.0708571428571429,11.9748571428571,1,"CORN"
"USA","R_ASP",13416.5993381,13413.4308475,396.711198306766,0.119603404438095,24.2555704200457,1,"CORN"
"USA","R_CSA",5970.2910096,5953.43927375,118.797167435544,0.0542450680272108,11.3244556722689,1,"CORN"
"USA","R_NEU",0.4743071,0.4245178,254.984333146247,0.129617259508163,21.9053168568796,1,"CORN"
"USA","R_NMC",1812.85258665,1812.76887045,334.721521844663,0.0658742857142857,15.0282184873949,1,"CORN"
"USA","R_OEU",8.48683365,-37.8378485,248.101255802208,0.235270673356349,32.4111500775214,1,"CORN"
"USA","R_SSA",52.1202361,51.2738106,377.841165474957,0.121053113553297,20.0895396825933,1,"CORN"
"USA","SWE",0.690418,0.690418,227.483349971914,0.240706763385714,40.6794430121857,1,"CORN"
"USA","TUR",5.0397226,-162.6131437,311.713129618386,0.273571428571429,46.2335714285714,1,"CORN"
"R_NMC","R_NMC",2149.35714285714,0,50.4667980932046,0,0,1,"CORN"
"R_NEU","R_NEU",1220.625,0,26.6785464475104,0,0,1,"CORN"
"R_SSA","R_SSA",1828.05128205128,0,80.6212467990009,0,0,1,"CORN"
"ARG","ARG",19316,0,86.6596193427366,0,0,1,"CORN"
"AUS","AUS",299,0,19.7205207737264,0,0,1,"CORN"
"R_OEU","R_OEU",3359.45454545455,0,23.9657174873031,0,0,1,"CORN"
"R_CSA","R_CSA",1407.13636363636,0,67.4725657474819,0,0,1,"CORN"
"R_ASP","R_ASP",3442.77272727273,0,135.755152274207,0,0,1,"CORN"
"BRA","BRA",70968,0,19.4376721241044,0,0,1,"CORN"
"CAN","CAN",14948,0,27.0386538741927,0,0,1,"CORN"
"CHN","CHN",265810,0,16.3183372916253,0,0,1,"CORN"
"COL","COL",7564,0,52.1961833083551,0,0,1,"CORN"
"DNK","DNK",234,0,13.1515685539572,0,0,1,"CORN"
"ETH","ETH",10454,0,29.5846804751786,0,0,1,"CORN"
"FIN","FIN",28,0,26.8289629722524,0,0,1,"CORN"
"DEU","DEU",8006,0,42.4793455483773,0,0,1,"CORN"
"GRC","GRC",1982,0,15.4456457256117,0,0,1,"CORN"
"IND","IND",26140,0,159.50982182724,0,0,1,"CORN"
"IDN","IDN",17403,0,125.642529648121,0,0,1,"CORN"
"MEX","MEX",44105,0,122.262795896777,0,0,1,"CORN"
"NPL","NPL",3420,0,27.0757544742246,0,0,1,"CORN"
"NOR","NOR",101,0,42.132047884333,0,0,1,"CORN"
"RUS","RUS",11686,0,24.3868068390875,0,0,1,"CORN"
"RWA","RWA",686,0,6.02328109981073,0,0,1,"CORN"
"SWE","SWE",142,0,40.5861828258872,0,0,1,"CORN"
"TUR","TUR",10512,0,68.9968766991237,0,0,1,"CORN"
"GBR","GBR",2963,0,28.4713615358352,0,0,1,"CORN"
"USA","USA",325120,0,34.6545795647113,0,0,1,"CORN"
"DNK","AUS",0,0,350.821917808868,0.163181192772947,41.1779985343477,0,"CORN"
"ETH","AUS",0,0,340.564107323453,0.138373653920696,41.1468593361442,0,"CORN"
"FIN","AUS",0,0,350.821917808868,0.163181192772947,41.1779985343477,0,"CORN"
"GBR","AUS",0,0,350.821917808868,0.163181192772947,41.1779985343477,0,"CORN"
"GRC","AUS",0,0,350.821917808868,0.163181192772947,41.1779985343477,0,"CORN"
"NOR","AUS",0,0,350.821917808868,0.163181192772947,41.1779985343477,0,"CORN"
"NPL","AUS",0,0,133.146008124487,0.202821005355316,52.597915292407,0,"CORN"
"RUS","AUS",0,0,283.519139266581,0.206950861791209,40.039175529802,0,"CORN"
"RWA","AUS",0,0,340.564107323453,0.138373653920696,41.1468593361442,0,"CORN"
"R_CSA","AUS",0,0,551.578138281287,0.224915441219451,54.3079945019573,0,"CORN"
"SWE","AUS",0,0,350.821917808868,0.163181192772947,41.1779985343477,0,"CORN"
"DNK","BRA",0,0,322.633886466213,0.0771428571428572,25.2992657803946,0,"CORN"
"GRC","BRA",0,0,322.633886466213,0.0771428571428572,18.738,0,"CORN"
"RUS","BRA",0,0,369.037148162648,0.0771428571428572,11.6408571428571,0,"CORN"
"SWE","BRA",0,0,322.633886466213,0.0771428571428572,25.2992657803946,0,"CORN"
"ETH","CAN",0,0,401.899761866145,0.138373653920696,41.1468593361442,0,"CORN"
"FIN","CAN",0,0,219.58181630098,0.163181192772947,41.1779985343477,0,"CORN"
"GRC","CAN",0,0,219.58181630098,0.163181192772947,41.1779985343477,0,"CORN"
"IDN","CAN",0,0,455.716872080097,0.202821005355316,52.597915292407,0,"CORN"
"NOR","CAN",0,0,219.58181630098,0.163181192772947,41.1779985343477,0,"CORN"
"NPL","CAN",0,0,455.716872080097,0.202821005355316,52.597915292407,0,"CORN"
"RUS","CAN",0,0,271.759958990611,0.206950861791209,40.039175529802,0,"CORN"
"RWA","CAN",0,0,401.899761866145,0.138373653920696,41.1468593361442,0,"CORN"
"SWE","CAN",0,0,219.58181630098,0.163181192772947,41.1779985343477,0,"CORN"
"DNK","CHN",0,0,350.821917808868,0.4,131.181378120565,0,"CORN"
"FIN","CHN",0,0,350.821917808868,0.4,131.181378120565,0,"CORN"
"GRC","CHN",0,0,350.821917808868,0.4,97.16,0,"CORN"
"NOR","CHN",0,0,350.821917808868,0.4,131.181378120565,0,"CORN"
"RWA","CHN",0,0,340.564107323453,0.138373653920696,41.1468593361442,0,"CORN"
"SWE","CHN",0,0,350.821917808868,0.4,131.181378120565,0,"CORN"
"DNK","COL",0,0,322.633886466213,0.154081632657143,50.5316022875764,0,"CORN"
"ETH","COL",0,0,341.93806784312,0.154081632657143,50.5316022875764,0,"CORN"
"FIN","COL",0,0,322.633886466213,0.154081632657143,50.5316022875764,0,"CORN"
"GRC","COL",0,0,322.633886466213,0.154081632657143,37.42642857242,0,"CORN"
"IDN","COL",0,0,569.516911017818,0.154081632657143,51.6481632666743,0,"CORN"
"IND","COL",0,0,569.516911017818,0.154081632657143,50.5316022875764,0,"CORN"
"NOR","COL",0,0,322.633886466213,0.154081632657143,50.5316022875764,0,"CORN"
"NPL","COL",0,0,569.516911017818,0.154081632657143,41.9256122460086,0,"CORN"
"RUS","COL",0,0,369.037148162648,0.154081632657143,23.2509183679629,0,"CORN"
"RWA","COL",0,0,341.93806784312,0.154081632657143,55.1304081647257,0,"CORN"
"R_ASP","COL",0,0,569.516911017818,0.152504251704762,49.2300825679565,0,"CORN"
"R_NEU","COL",0,0,369.037148162648,0.154081632657143,37.7936564635862,0,"CORN"
"R_NMC","COL",0,0,427.459452146488,0.154081632657143,55.770360545695,0,"CORN"
"SWE","COL",0,0,322.633886466213,0.154081632657143,50.5316022875764,0,"CORN"
"TUR","COL",0,0,369.037148162648,0.154081632657143,26.5944897966229,0,"CORN"
"ETH","DEU",0,0,184.055335140733,0.138373653920696,41.1468593361442,0,"CORN"
"IDN","DEU",0,0,319.664161222784,0.262835501914286,88.1024602416686,0,"CORN"
"IND","DEU",0,0,319.664161222784,0.278159128728571,91.2232446085738,0,"CORN"
"NPL","DEU",0,0,319.664161222784,0.202821005355316,52.597915292407,0,"CORN"
"RWA","DEU",0,0,184.055335140733,0.138373653920696,41.1468593361442,0,"CORN"
"AUS","DNK",0,0,319.664161222784,0.240706763385714,64.1522058619699,0,"CORN"
"BRA","DNK",0,0,315.905127977025,0.262835501914286,35.50907630862,0,"CORN"
"CHN","DNK",0,0,319.664161222784,0.262835501914286,110.233209502851,0,"CORN"
"COL","DNK",0,0,315.905127977025,0.204042796428571,74.4552164167857,0,"CORN"
"ETH","DNK",0,0,184.055335140733,0.138373653920696,41.1468593361442,0,"CORN"
"GRC","DNK",0,0,63.7968286169791,0.163181192772947,41.1779985343477,0,"CORN"
"IDN","DNK",0,0,319.664161222784,0.262835501914286,88.1024602416686,0,"CORN"
"IND","DNK",0,0,319.664161222784,0.278159128728571,91.2232446085738,0,"CORN"
"NPL","DNK",0,0,319.664161222784,0.202821005355316,52.597915292407,0,"CORN"
"RUS","DNK",0,0,53.0862389233393,0.360969633657143,54.4703177188629,0,"CORN"
"RWA","DNK",0,0,184.055335140733,0.138373653920696,41.1468593361442,0,"CORN"
"R_ASP","DNK",0,0,319.664161222784,0.127793477058333,72.009226159969,0,"CORN"
"R_CSA","DNK",0,0,315.905127977025,0.154020586251299,66.8359841297069,0,"CORN"
"R_NMC","DNK",0,0,98.6432126310484,0.189097789215306,69.4400599582377,0,"CORN"
"AUS","ETH",0,0,314.00867931702,0.171428571428571,45.6884586466166,0,"CORN"
"CAN","ETH",0,0,402.736660740025,0.171428571428571,27.1885714285714,0,"CORN"
"COL","ETH",0,0,306.601357824664,0.171428571428571,62.5542857142857,0,"CORN"
"DEU","ETH",0,0,174.579354453364,0.171428571428571,32.6057142857143,0,"CORN"
"DNK","ETH",0,0,174.579354453364,0.171428571428571,56.2205906230991,0,"CORN"
"FIN","ETH",0,0,174.579354453364,0.171428571428571,56.2205906230991,0,"CORN"
"GBR","ETH",0,0,174.579354453364,0.171428571428571,56.2205906230991,0,"CORN"
"GRC","ETH",0,0,174.579354453364,0.171428571428571,41.64,0,"CORN"
"IDN","ETH",0,0,314.00867931702,0.171428571428571,57.4628571428571,0,"CORN"
"IND","ETH",0,0,314.00867931702,0.171428571428571,56.2205906230991,0,"CORN"
"MEX","ETH",0,0,306.601357824664,0.171428571428571,33.4285714285714,0,"CORN"
"NOR","ETH",0,0,174.579354453364,0.171428571428571,56.2205906230991,0,"CORN"
"NPL","ETH",0,0,314.00867931702,0.171428571428571,46.6457142857143,0,"CORN"
"RUS","ETH",0,0,153.128587319878,0.171428571428571,25.8685714285714,0,"CORN"
"RWA","ETH",0,0,59.4226054357479,0.154285714285714,55.2034285714286,0,"CORN"
"R_ASP","ETH",0,0,314.00867931702,0.171428571428571,57.1256094944562,0,"CORN"
"R_CSA","ETH",0,0,306.601357824664,0.171428571428571,106.973799816203,0,"CORN"
"R_NEU","ETH",0,0,153.128587319878,0.171428571428571,42.0485714285714,0,"CORN"
"SWE","ETH",0,0,174.579354453364,0.171428571428571,56.2205906230991,0,"CORN"
"AUS","FIN",0,0,319.664161222784,0.240706763385714,64.1522058619699,0,"CORN"
"CAN","FIN",0,0,214.645091214405,0.0328772327857143,5.21432911981428,0,"CORN"
"CHN","FIN",0,0,319.664161222784,0.262835501914286,110.233209502851,0,"CORN"
"COL","FIN",0,0,315.905127977025,0.204042796428571,74.4552164167857,0,"CORN"
"ETH","FIN",0,0,184.055335140733,0.138373653920696,41.1468593361442,0,"CORN"
"IDN","FIN",0,0,319.664161222784,0.262835501914286,88.1024602416686,0,"CORN"
"IND","FIN",0,0,319.664161222784,0.278159128728571,91.2232446085738,0,"CORN"
"MEX","FIN",0,0,315.905127977025,0.360969633657143,70.3890785631429,0,"CORN"
"NPL","FIN",0,0,319.664161222784,0.202821005355316,52.597915292407,0,"CORN"
"RWA","FIN",0,0,184.055335140733,0.138373653920696,41.1468593361442,0,"CORN"
"R_ASP","FIN",0,0,319.664161222784,0.127793477058333,72.009226159969,0,"CORN"
"R_CSA","FIN",0,0,315.905127977025,0.154020586251299,66.8359841297069,0,"CORN"
"R_NEU","FIN",0,0,53.0862389233393,0.0859537710061224,61.3432751053761,0,"CORN"
"R_NMC","FIN",0,0,98.6432126310484,0.189097789215306,69.4400599582377,0,"CORN"
"TUR","FIN",0,0,53.0862389233393,0.262835501914286,45.3654076304057,0,"CORN"
"AUS","GBR",0,0,319.664161222784,0.240706763385714,64.1522058619699,0,"CORN"
"ETH","GBR",0,0,184.055335140733,0.138373653920696,41.1468593361442,0,"CORN"
"IDN","GBR",0,0,319.664161222784,0.262835501914286,88.1024602416686,0,"CORN"
"NOR","GBR",0,0,63.7968286169791,0.188103190928571,61.6890895372142,0,"CORN"
"RWA","GBR",0,0,184.055335140733,0.138373653920696,41.1468593361442,0,"CORN"
"AUS","GRC",0,0,319.664161222784,0.240706763385714,64.1522058619699,0,"CORN"
"BRA","GRC",0,0,315.905127977025,0.262835501914286,35.50907630862,0,"CORN"
"CAN","GRC",0,0,214.645091214405,0.0328772327857143,5.21432911981428,0,"CORN"
"CHN","GRC",0,0,319.664161222784,0.262835501914286,110.233209502851,0,"CORN"
"COL","GRC",0,0,315.905127977025,0.204042796428571,74.4552164167857,0,"CORN"
"DNK","GRC",0,0,63.7968286169791,0.163181192772947,41.1779985343477,0,"CORN"
"ETH","GRC",0,0,184.055335140733,0.138373653920696,41.1468593361442,0,"CORN"
"IDN","GRC",0,0,319.664161222784,0.262835501914286,88.1024602416686,0,"CORN"
"IND","GRC",0,0,319.664161222784,0.278159128728571,91.2232446085738,0,"CORN"
"MEX","GRC",0,0,315.905127977025,0.360969633657143,70.3890785631429,0,"CORN"
"NOR","GRC",0,0,63.7968286169791,0.188103190928571,61.6890895372142,0,"CORN"
"NPL","GRC",0,0,319.664161222784,0.202821005355316,52.597915292407,0,"CORN"
"RWA","GRC",0,0,184.055335140733,0.138373653920696,41.1468593361442,0,"CORN"
"R_ASP","GRC",0,0,319.664161222784,0.127793477058333,72.009226159969,0,"CORN"
"R_CSA","GRC",0,0,315.905127977025,0.154020586251299,66.8359841297069,0,"CORN"
"R_SSA","GRC",0,0,184.055335140733,0.0418072094621849,76.1644091558326,0,"CORN"
"SWE","GRC",0,0,63.7968286169791,0.163181192772947,41.1779985343477,0,"CORN"
"CAN","IDN",0,0,453.379166450607,0.05,7.93,0,"CORN"
"COL","IDN",0,0,551.578138281287,0.05,18.245,0,"CORN"
"DEU","IDN",0,0,350.821917808868,0.05,9.51,0,"CORN"
"DNK","IDN",0,0,350.821917808868,0.05,16.3976722650706,0,"CORN"
"ETH","IDN",0,0,340.564107323453,0.05,16.3976722650706,0,"CORN"
"FIN","IDN",0,0,350.821917808868,0.05,16.3976722650706,0,"CORN"
"GBR","IDN",0,0,350.821917808868,0.05,16.3976722650706,0,"CORN"
"GRC","IDN",0,0,350.821917808868,0.05,12.145,0,"CORN"
"MEX","IDN",0,0,551.578138281287,0.05,9.75,0,"CORN"
"NOR","IDN",0,0,350.821917808868,0.05,16.3976722650706,0,"CORN"
"NPL","IDN",0,0,133.146008124487,0.05,13.605,0,"CORN"
"RUS","IDN",0,0,283.519139266581,0.05,7.545,0,"CORN"
"RWA","IDN",0,0,340.564107323453,0.05,17.89,0,"CORN"
"R_CSA","IDN",0,0,551.578138281287,0.05,31.2006916130591,0,"CORN"
"R_NEU","IDN",0,0,283.519139266581,0.05,12.2641666666667,0,"CORN"
"R_NMC","IDN",0,0,235.465843158703,0.05,18.0976666666667,0,"CORN"
"SWE","IDN",0,0,350.821917808868,0.05,16.3976722650706,0,"CORN"
"COL","IND",0,0,551.578138281287,0.371428571428571,135.534285714286,0,"CORN"
"DEU","IND",0,0,350.821917808868,0.371428571428571,70.6457142857143,0,"CORN"
"DNK","IND",0,0,350.821917808868,0.371428571428571,121.811279683381,0,"CORN"
"ETH","IND",0,0,340.564107323453,0.114285714285714,37.4803937487327,0,"CORN"
"FIN","IND",0,0,350.821917808868,0.371428571428571,121.811279683381,0,"CORN"
"GRC","IND",0,0,350.821917808868,0.371428571428571,90.22,0,"CORN"
"MEX","IND",0,0,551.578138281287,0.371428571428571,72.4285714285714,0,"CORN"
"SWE","IND",0,0,350.821917808868,0.371428571428571,121.811279683381,0,"CORN"
"ETH","MEX",0,0,341.93806784312,0.0557142857142857,18.2716919525072,0,"CORN"
"FIN","MEX",0,0,322.633886466213,0.0557142857142857,18.2716919525072,0,"CORN"
"GRC","MEX",0,0,322.633886466213,0.0557142857142857,13.533,0,"CORN"
"IDN","MEX",0,0,569.516911017818,0.0557142857142857,18.6754285714286,0,"CORN"
"IND","MEX",0,0,569.516911017818,0.0557142857142857,18.2716919525072,0,"CORN"
"NOR","MEX",0,0,322.633886466213,0.0557142857142857,18.2716919525072,0,"CORN"
"NPL","MEX",0,0,569.516911017818,0.0557142857142857,15.1598571428571,0,"CORN"
"RUS","MEX",0,0,369.037148162648,0.0557142857142857,8.40728571428571,0,"CORN"
"RWA","MEX",0,0,341.93806784312,0.0557142857142857,19.9345714285714,0,"CORN"
"SWE","MEX",0,0,322.633886466213,0.0557142857142857,18.2716919525072,0,"CORN"
"AUS","NOR",0,0,319.664161222784,0.486914892628571,129.77061379498,0,"CORN"
"CAN","NOR",0,0,214.645091214405,0.486914892628571,77.2247019708914,0,"CORN"
"CHN","NOR",0,0,319.664161222784,0.520879390042857,218.456816183974,0,"CORN"
"COL","NOR",0,0,315.905127977025,0.5240991864,191.24379311736,0,"CORN"
"ETH","NOR",0,0,184.055335140733,0.138373653920696,41.1468593361442,0,"CORN"
"GBR","NOR",0,0,63.7968286169791,0.486914892628571,159.685416606107,0,"CORN"
"GRC","NOR",0,0,63.7968286169791,0.486914892628571,118.27162741948,0,"CORN"
"IDN","NOR",0,0,319.664161222784,0.541310409285714,181.447249192571,0,"CORN"
"MEX","NOR",0,0,315.905127977025,0.639965271171429,124.793227878429,0,"CORN"
"NPL","NOR",0,0,319.664161222784,0.202821005355316,52.597915292407,0,"CORN"
"RWA","NOR",0,0,184.055335140733,0.539911723185714,193.180414555849,0,"CORN"
"R_CSA","NOR",0,0,315.905127977025,0.502117669430519,258.243892870933,0,"CORN"
"AUS","NPL",0,0,133.146008124487,0.1,26.651600877193,0,"CORN"
"CAN","NPL",0,0,453.379166450607,0.1,15.86,0,"CORN"
"COL","NPL",0,0,551.578138281287,0.1,36.49,0,"CORN"
"DEU","NPL",0,0,350.821917808868,0.1,19.02,0,"CORN"
"DNK","NPL",0,0,350.821917808868,0.1,32.7953445301411,0,"CORN"
"ETH","NPL",0,0,340.564107323453,0.1,32.7953445301411,0,"CORN"
"FIN","NPL",0,0,350.821917808868,0.1,32.7953445301411,0,"CORN"
"GRC","NPL",0,0,350.821917808868,0.1,24.29,0,"CORN"
"IDN","NPL",0,0,133.146008124487,0.1,33.52,0,"CORN"
"MEX","NPL",0,0,551.578138281287,0.1,19.5,0,"CORN"
"NOR","NPL",0,0,350.821917808868,0.1,32.7953445301411,0,"CORN"
"RUS","NPL",0,0,283.519139266581,0.1,15.09,0,"CORN"
"RWA","NPL",0,0,340.564107323453,0.1,35.78,0,"CORN"
"R_CSA","NPL",0,0,551.578138281287,0.1,62.4013832261182,0,"CORN"
"R_NEU","NPL",0,0,283.519139266581,0.1,24.5283333333333,0,"CORN"
"SWE","NPL",0,0,350.821917808868,0.1,32.7953445301411,0,"CORN"
"TUR","NPL",0,0,283.519139266581,0.1,17.26,0,"CORN"
"ARG","RUS",0,0,362.317307407593,0.0565714285714286,18.5527949056227,0,"CORN"
"AUS","RUS",0,0,271.344387812745,0.0708571428571429,18.8845629072682,0,"CORN"
"BRA","RUS",0,0,362.317307407593,0.0565714285714286,7.6428,0,"CORN"
"CAN","RUS",0,0,272.338283509057,0.0708571428571429,11.2379428571429,0,"CORN"
"COL","RUS",0,0,362.317307407593,0.0565714285714286,20.6429142857143,0,"CORN"
"DNK","RUS",0,0,50.5214738386901,0.0708571428571429,23.2378441242143,0,"CORN"
"ETH","RUS",0,0,162.475237685621,0.0137142857142857,4.49764724984793,0,"CORN"
"IDN","RUS",0,0,271.344387812745,0.0565714285714286,18.9627428571429,0,"CORN"
"MEX","RUS",0,0,362.317307407593,0.0565714285714286,11.0314285714286,0,"CORN"
"NPL","RUS",0,0,271.344387812745,0.0137142857142857,3.73165714285714,0,"CORN"
"RWA","RUS",0,0,162.475237685621,0.0137142857142857,4.90697142857143,0,"CORN"
"COL","R_ASP",0,0,551.578138281287,0.193176923197619,84.5883111297734,0,"CORN"
"DNK","R_ASP",0,0,350.821917808868,0.124880365754762,49.1459354397295,0,"CORN"
"ETH","R_ASP",0,0,340.564107323453,0.182254932280952,76.8485995260605,0,"CORN"
"FIN","R_ASP",0,0,350.821917808868,0.124880365754762,49.1459354397295,0,"CORN"
"GRC","R_ASP",0,0,350.821917808868,0.124880365754762,36.400129010198,0,"CORN"
"RWA","R_ASP",0,0,340.564107323453,0.194229020096825,89.3508986451139,0,"CORN"
"SWE","R_ASP",0,0,350.821917808868,0.124880365754762,49.1459354397295,0,"CORN"
"AUS","R_CSA",0,0,569.516911017818,0.0671428571428571,19.7782932825485,0,"CORN"
"DNK","R_CSA",0,0,322.633886466213,0.0587210884353741,22.4674138082681,0,"CORN"
"ETH","R_CSA",0,0,341.93806784312,0.0695918367346938,24.4143120391051,0,"CORN"
"FIN","R_CSA",0,0,322.633886466213,0.0587210884353741,22.4674138082681,0,"CORN"
"GRC","R_CSA",0,0,322.633886466213,0.0587210884353741,16.6405777777778,0,"CORN"
"IDN","R_CSA",0,0,569.516911017818,0.07,24.6372,0,"CORN"
"NOR","R_CSA",0,0,322.633886466213,0.0698231292517006,24.043672589812,0,"CORN"
"NPL","R_CSA",0,0,569.516911017818,0.0671428571428571,20.1926842105263,0,"CORN"
"RWA","R_CSA",0,0,341.93806784312,0.0671428571428571,26.5525263157895,0,"CORN"
"SWE","R_CSA",0,0,322.633886466213,0.0587210884353741,22.4674138082681,0,"CORN"
"COL","R_NEU",0,0,362.317307407593,0.130989663765306,47.7981283079603,0,"CORN"
"ETH","R_NEU",0,0,162.475237685621,0.0872586705857143,28.6167816510059,0,"CORN"
"FIN","R_NEU",0,0,50.5214738386901,0.0635212663938775,29.1648254292932,0,"CORN"
"IDN","R_NEU",0,0,271.344387812745,0.130989663765306,43.9077352941306,0,"CORN"
"NPL","R_NEU",0,0,271.344387812745,0.085916546822449,23.3778923903884,0,"CORN"
"RWA","R_NEU",0,0,162.475237685621,0.085916546822449,30.7409404530722,0,"CORN"
"COL","R_NMC",0,0,415.14977973391,0.0769504761902857,34.956068518422,0,"CORN"
"DNK","R_NMC",0,0,92.1427994459206,0.0618076190474286,32.0267733605987,0,"CORN"
"FIN","R_NMC",0,0,92.1427994459206,0.0618076190474286,32.0267733605987,0,"CORN"
"IDN","R_NMC",0,0,234.863036459889,0.0718076190474286,29.7166328041441,0,"CORN"
"GRC","R_SSA",0,0,174.579354453364,0.120778388278571,28.758588888966,0,"CORN"
"SWE","R_SSA",0,0,174.579354453364,0.120778388278571,38.8286468017426,0,"CORN"
"AUS","SWE",0,0,319.664161222784,0.240706763385714,64.1522058619699,0,"CORN"
"BRA","SWE",0,0,315.905127977025,0.262835501914286,35.50907630862,0,"CORN"
"CAN","SWE",0,0,214.645091214405,0.0328772327857143,5.21432911981428,0,"CORN"
"CHN","SWE",0,0,319.664161222784,0.262835501914286,110.233209502851,0,"CORN"
"COL","SWE",0,0,315.905127977025,0.204042796428571,74.4552164167857,0,"CORN"
"ETH","SWE",0,0,184.055335140733,0.138373653920696,41.1468593361442,0,"CORN"
"GRC","SWE",0,0,63.7968286169791,0.163181192772947,41.1779985343477,0,"CORN"
"IDN","SWE",0,0,319.664161222784,0.262835501914286,88.1024602416686,0,"CORN"
"IND","SWE",0,0,319.664161222784,0.278159128728571,91.2232446085738,0,"CORN"
"MEX","SWE",0,0,315.905127977025,0.360969633657143,70.3890785631429,0,"CORN"
"NPL","SWE",0,0,319.664161222784,0.202821005355316,52.597915292407,0,"CORN"
"RWA","SWE",0,0,184.055335140733,0.138373653920696,41.1468593361442,0,"CORN"
"R_ASP","SWE",0,0,319.664161222784,0.127793477058333,72.009226159969,0,"CORN"
"R_CSA","SWE",0,0,315.905127977025,0.154020586251299,66.8359841297069,0,"CORN"
"R_SSA","SWE",0,0,184.055335140733,0.0418072094621849,76.1644091558326,0,"CORN"
"COL","TUR",0,0,362.317307407593,0.273571428571429,99.8262142857143,0,"CORN"
"FIN","TUR",0,0,50.5214738386901,0.270714285714286,88.7816826923106,0,"CORN"
"NPL","TUR",0,0,271.344387812745,0.273571428571429,74.4387857142857,0,"CORN"
"RWA","TUR",0,0,162.475237685621,0.273571428571429,97.8838571428572,0,"CORN"
"RWA","USA",0,0,401.899761866145,0.138373653920696,41.1468593361442,0,"CORN"
"RUS","ARG",0,0,369.037148162648,0.0771428571428572,11.6408571428571,0,"CORN"
"RWA","ARG",0,0,341.93806784312,0.0771428571428572,27.6017142857143,0,"CORN"
"ARG","RWA",0,0,306.601357824664,0.278571428571429,91.358459762536,0,"CORN"
"AUS","RWA",0,0,314.00867931702,0.278571428571429,74.2437453007519,0,"CORN"
"CAN","RWA",0,0,402.736660740025,0.278571428571429,44.1814285714286,0,"CORN"
"CHN","RWA",0,0,314.00867931702,0.278571428571429,116.832857142857,0,"CORN"
"COL","RWA",0,0,306.601357824664,0.278571428571429,101.650714285714,0,"CORN"
"DEU","RWA",0,0,174.579354453364,0.278571428571429,52.9842857142857,0,"CORN"
"DNK","RWA",0,0,174.579354453364,0.278571428571429,91.358459762536,0,"CORN"
"ETH","RWA",0,0,59.4226054357479,0.250714285714286,82.2226137862824,0,"CORN"
"FIN","RWA",0,0,174.579354453364,0.278571428571429,91.358459762536,0,"CORN"
"GBR","RWA",0,0,174.579354453364,0.278571428571429,91.358459762536,0,"CORN"
"GRC","RWA",0,0,174.579354453364,0.278571428571429,67.665,0,"CORN"
"IDN","RWA",0,0,314.00867931702,0.278571428571429,93.3771428571429,0,"CORN"
"MEX","RWA",0,0,306.601357824664,0.278571428571429,54.3214285714286,0,"CORN"
"NOR","RWA",0,0,174.579354453364,0.278571428571429,91.358459762536,0,"CORN"
"NPL","RWA",0,0,314.00867931702,0.278571428571429,75.7992857142857,0,"CORN"
"RUS","RWA",0,0,153.128587319878,0.278571428571429,42.0364285714286,0,"CORN"
"R_ASP","RWA",0,0,314.00867931702,0.278571428571429,92.8291154284914,0,"CORN"
"R_CSA","RWA",0,0,306.601357824664,0.278571428571429,173.83242470133,0,"CORN"
"R_NEU","RWA",0,0,153.128587319878,0.278571428571429,68.3289285714286,0,"CORN"
"SWE","RWA",0,0,174.579354453364,0.278571428571429,91.358459762536,0,"CORN"
"TUR","RWA",0,0,153.128587319878,0.278571428571429,48.0814285714286,0,"CORN"
"USA","RWA",0,0,402.736660740025,0.278571428571429,47.0785714285714,0,"CORN"
